,id,ip_address,status,region
0,0,238.169.224.84,available,eu-east-1
1,1,17.244.196.21,available,eu-east-1
2,2,221.92.217.254,available,us-west-1
3,3,6.30.44.151,available,us-west-1
4,4,54.132.240.151,available,eu-east-1
5,5,82.75.148.150,available,us-west-1
6,6,110.5.126.76,available,us-west-1
7,7,118.59.200.171,available,us-east-1
8,8,72.69.230.101,available,us-west-1
9,9,183.8.205.59,available,us-west-1
10,10,66.81.81.135,available,us-west-1
11,11,164.121.225.29,available,eu-east-1
12,12,124.96.49.101,available,us-east-1
13,13,115.222.59.38,available,eu-east-1
14,14,119.192.46.107,available,us-east-1
15,15,128.243.60.53,available,eu-east-1
16,16,73.7.16.98,available,eu-west-1
17,17,210.160.213.36,available,eu-east-1
18,18,27.48.66.56,available,us-east-1
19,19,88.17.108.154,available,us-east-1
20,20,201.49.131.194,available,eu-east-1
21,21,197.70.148.56,available,us-east-1
22,22,250.121.123.225,available,eu-east-1
23,23,82.97.94.88,available,us-west-1
24,24,97.192.190.58,available,us-east-1
25,25,177.83.178.41,available,us-west-1
26,26,125.101.238.53,available,us-west-1
27,27,51.30.69.156,available,us-east-1
28,28,191.169.208.134,available,us-east-1
29,29,228.123.29.10,available,us-west-1
30,30,96.143.83.67,available,eu-east-1
31,31,5.20.218.134,available,eu-east-1
32,32,171.238.141.186,available,us-east-1
33,33,105.154.80.118,available,us-west-1
34,34,205.99.91.218,available,eu-east-1
35,35,31.153.48.9,available,eu-west-1
36,36,141.183.124.31,available,eu-east-1
37,37,115.156.68.59,available,us-west-1
38,38,181.43.157.228,available,eu-west-1
39,39,105.233.183.29,available,us-east-1
40,40,192.181.60.154,available,us-west-1
41,41,117.208.125.187,available,us-west-1
42,42,214.176.82.215,available,us-east-1
43,43,242.8.21.208,available,eu-east-1
44,44,60.52.44.205,available,us-east-1
45,45,44.13.23.184,available,us-west-1
46,46,120.161.211.74,available,eu-east-1
47,47,6.206.153.114,available,eu-west-1
48,48,252.45.235.75,available,eu-east-1
49,49,90.241.12.56,available,us-west-1
50,50,152.250.34.227,available,us-east-1
51,51,106.136.68.149,available,eu-west-1
52,52,70.155.42.180,available,eu-east-1
53,53,33.170.233.131,available,eu-west-1
54,54,121.67.122.174,available,eu-west-1
55,55,94.139.134.240,available,eu-west-1
56,56,78.32.146.190,available,eu-west-1
57,57,100.91.45.159,available,eu-east-1
58,58,57.75.72.95,available,us-west-1
59,59,134.144.164.14,available,us-west-1
60,60,125.26.126.64,available,eu-east-1
61,61,129.134.47.115,available,eu-west-1
62,62,107.177.9.183,available,us-west-1
63,63,49.103.23.138,available,us-east-1
64,64,178.147.136.128,available,us-west-1
65,65,172.99.120.65,available,eu-east-1
66,66,85.74.131.69,available,eu-west-1
67,67,211.70.117.122,available,eu-east-1
68,68,205.170.157.105,available,eu-west-1
69,69,215.114.9.228,available,eu-west-1
70,70,49.127.80.17,available,us-west-1
71,71,250.173.235.146,available,us-east-1
72,72,224.61.236.253,available,eu-west-1
73,73,240.93.180.96,available,eu-east-1
74,74,68.186.13.168,available,us-east-1
75,75,146.126.111.34,available,us-west-1
76,76,1.80.74.194,available,eu-east-1
77,77,149.201.117.36,available,us-east-1
78,78,161.254.133.59,available,us-west-1
79,79,97.193.3.144,available,us-west-1
80,80,243.199.16.131,available,us-west-1
81,81,247.53.203.52,available,eu-east-1
82,82,68.8.26.101,available,eu-west-1
83,83,222.28.183.107,available,us-east-1
84,84,77.111.224.107,available,eu-east-1
85,85,137.13.62.55,available,us-east-1
86,86,227.1.251.58,available,us-east-1
87,87,54.7.162.146,available,us-east-1
88,88,70.0.90.116,available,eu-west-1
89,89,199.119.125.225,available,us-west-1
90,90,169.0.121.149,available,us-west-1
91,91,112.210.15.236,available,us-east-1
92,92,98.175.236.151,available,us-west-1
93,93,224.117.239.165,available,eu-west-1
94,94,243.30.207.177,available,us-east-1
95,95,213.246.6.24,available,eu-east-1
96,96,229.209.156.213,available,eu-east-1
97,97,11.31.213.200,available,eu-east-1
98,98,85.53.135.230,available,us-west-1
99,99,46.100.145.145,available,us-east-1
100,100,20.90.247.82,available,eu-west-1
101,101,188.218.188.190,available,eu-west-1
102,102,22.3.185.126,available,us-east-1
103,103,185.194.70.76,available,eu-east-1
104,104,242.177.16.134,available,eu-east-1
105,105,43.210.134.184,available,eu-east-1
106,106,74.174.55.193,available,us-west-1
107,107,9.210.150.2,available,eu-east-1
108,108,30.147.111.4,available,us-west-1
109,109,224.33.150.27,available,eu-west-1
110,110,68.185.52.191,available,eu-west-1
111,111,106.1.14.0,available,eu-west-1
112,112,79.156.108.215,available,us-east-1
113,113,230.132.32.149,available,us-east-1
114,114,7.206.1.35,available,eu-west-1
115,115,92.88.190.3,available,eu-east-1
116,116,73.92.236.51,available,us-east-1
117,117,237.216.182.117,available,eu-east-1
118,118,136.175.45.229,available,eu-east-1
119,119,197.10.188.2,available,us-east-1
120,120,45.168.81.1,available,eu-west-1
121,121,105.48.207.22,available,eu-east-1
122,122,187.91.182.214,available,eu-east-1
123,123,108.127.189.180,available,eu-west-1
124,124,43.15.11.239,available,us-west-1
125,125,169.238.168.42,available,eu-east-1
126,126,119.61.67.54,available,us-west-1
127,127,166.244.216.11,available,eu-east-1
128,128,68.60.2.198,available,us-east-1
129,129,5.38.115.72,available,eu-west-1
130,130,34.118.106.42,available,eu-west-1
131,131,130.239.166.90,available,eu-west-1
132,132,123.156.13.202,available,us-east-1
133,133,164.64.94.55,available,eu-east-1
134,134,118.60.36.20,available,us-east-1
135,135,181.192.200.27,available,us-west-1
136,136,69.18.217.53,available,eu-west-1
137,137,152.8.169.69,available,us-west-1
138,138,237.68.135.34,available,eu-east-1
139,139,121.120.123.100,available,us-east-1
140,140,158.236.89.40,available,eu-west-1
141,141,247.12.182.24,available,us-east-1
142,142,204.233.244.242,available,us-east-1
143,143,163.192.19.149,available,us-west-1
144,144,79.185.253.111,available,eu-east-1
145,145,140.218.106.50,available,us-east-1
146,146,133.225.161.199,available,us-west-1
147,147,15.58.28.138,available,us-west-1
148,148,50.174.54.16,available,us-west-1
149,149,102.166.181.238,available,eu-east-1
150,150,205.250.128.98,available,eu-west-1
151,151,94.128.115.183,available,eu-west-1
152,152,189.92.210.111,available,eu-east-1
153,153,21.169.236.46,available,us-west-1
154,154,202.134.164.23,available,us-east-1
155,155,221.0.69.119,available,us-east-1
156,156,247.235.204.88,available,eu-west-1
157,157,16.173.116.226,available,us-west-1
158,158,195.40.107.163,available,eu-west-1
159,159,18.254.67.113,available,us-west-1
160,160,254.163.12.143,available,us-east-1
161,161,137.218.137.40,available,us-west-1
162,162,83.96.9.99,available,eu-west-1
163,163,107.114.220.63,available,us-west-1
164,164,25.44.51.17,available,us-east-1
165,165,75.247.84.185,available,eu-west-1
166,166,50.2.5.237,available,us-west-1
167,167,74.187.98.235,available,us-east-1
168,168,88.66.149.149,available,us-east-1
169,169,179.53.123.223,available,eu-west-1
170,170,206.70.73.206,available,eu-east-1
171,171,172.135.111.176,available,eu-east-1
172,172,186.252.165.228,available,us-east-1
173,173,181.139.56.46,available,us-west-1
174,174,41.171.120.209,available,eu-east-1
175,175,223.64.83.107,available,eu-east-1
176,176,115.0.216.10,available,eu-west-1
177,177,4.104.188.177,available,eu-west-1
178,178,80.236.176.205,available,us-west-1
179,179,36.228.166.72,available,eu-west-1
180,180,251.71.26.226,available,us-east-1
181,181,152.133.255.160,available,eu-west-1
182,182,153.23.154.16,available,us-east-1
183,183,94.0.20.81,available,eu-west-1
184,184,172.127.64.184,available,us-west-1
185,185,18.188.231.6,available,eu-west-1
186,186,81.198.92.1,available,us-west-1
187,187,15.131.185.196,available,eu-east-1
188,188,189.223.125.129,available,eu-west-1
189,189,16.137.223.236,available,us-east-1
190,190,233.50.85.168,available,eu-east-1
191,191,206.224.180.3,available,eu-east-1
192,192,246.96.181.18,available,eu-west-1
193,193,254.3.24.232,available,us-west-1
194,194,89.2.130.72,available,eu-west-1
195,195,252.134.124.2,available,us-west-1
196,196,149.159.82.59,available,eu-west-1
197,197,150.157.37.187,available,eu-west-1
198,198,50.19.118.179,available,us-west-1
199,199,54.132.249.142,available,eu-west-1
200,200,13.198.14.233,available,eu-west-1
201,201,120.160.43.230,available,us-west-1
202,202,24.60.64.35,available,eu-west-1
203,203,141.131.104.113,available,eu-east-1
204,204,97.203.46.157,available,eu-east-1
205,205,202.226.222.33,available,eu-east-1
206,206,132.146.41.190,available,eu-east-1
207,207,169.218.27.247,available,us-east-1
208,208,203.82.24.235,available,us-east-1
209,209,106.249.102.64,available,us-east-1
210,210,234.170.192.155,available,us-west-1
211,211,238.79.237.71,available,eu-east-1
212,212,188.52.81.6,available,us-east-1
213,213,65.18.222.184,available,eu-east-1
214,214,87.35.16.43,available,us-east-1
215,215,155.198.147.73,available,us-east-1
216,216,112.211.77.245,available,eu-east-1
217,217,112.179.96.71,available,us-east-1
218,218,229.233.176.201,available,us-east-1
219,219,163.78.221.83,available,eu-east-1
220,220,143.155.244.123,available,eu-east-1
221,221,66.13.212.220,available,eu-east-1
222,222,109.198.116.47,available,us-west-1
223,223,192.119.32.173,available,us-east-1
224,224,249.255.141.85,available,us-east-1
225,225,158.191.219.242,available,eu-west-1
226,226,180.205.90.63,available,eu-east-1
227,227,182.115.34.38,available,eu-east-1
228,228,225.67.41.54,available,eu-west-1
229,229,215.130.14.90,available,eu-west-1
230,230,18.197.45.197,available,us-west-1
231,231,129.119.119.39,available,eu-east-1
232,232,140.163.85.167,available,us-west-1
233,233,96.41.104.151,available,us-west-1
234,234,227.97.55.30,available,eu-west-1
235,235,182.255.67.202,available,eu-east-1
236,236,102.85.114.118,available,eu-east-1
237,237,43.105.204.97,available,eu-west-1
238,238,137.12.118.160,available,us-east-1
239,239,140.139.73.217,available,us-west-1
240,240,83.254.91.228,available,us-west-1
241,241,220.233.37.95,available,eu-east-1
242,242,245.219.192.208,available,eu-east-1
243,243,199.144.100.188,available,eu-east-1
244,244,104.40.8.93,available,eu-west-1
245,245,60.159.172.141,available,eu-east-1
246,246,161.10.133.178,available,us-east-1
247,247,91.209.167.133,available,us-west-1
248,248,175.208.188.23,available,us-east-1
249,249,31.242.86.250,available,us-west-1
250,250,149.21.124.116,available,us-east-1
251,251,41.238.120.245,available,eu-east-1
252,252,220.144.164.107,available,eu-west-1
253,253,53.80.44.249,available,eu-west-1
254,254,60.1.192.145,available,eu-west-1
255,255,9.209.204.52,available,us-west-1
256,256,101.253.134.144,available,us-west-1
257,257,195.56.229.91,available,us-east-1
258,258,164.125.224.6,available,eu-east-1
259,259,134.221.208.138,available,eu-west-1
260,260,38.242.70.28,available,us-west-1
261,261,242.161.192.171,available,eu-east-1
262,262,157.19.85.106,available,eu-east-1
263,263,0.114.230.45,available,eu-west-1
264,264,172.253.141.162,available,eu-east-1
265,265,85.69.68.217,available,us-east-1
266,266,58.163.206.97,available,eu-west-1
267,267,202.40.13.141,available,us-east-1
268,268,94.147.42.168,available,us-west-1
269,269,149.231.168.238,available,eu-west-1
270,270,101.162.165.72,available,eu-west-1
271,271,70.239.153.166,available,us-west-1
272,272,124.204.139.81,available,us-east-1
273,273,142.40.223.28,available,us-east-1
274,274,153.22.216.194,available,us-west-1
275,275,152.167.148.16,available,us-west-1
276,276,161.86.109.191,available,us-west-1
277,277,209.172.237.228,available,us-west-1
278,278,209.244.71.109,available,eu-west-1
279,279,135.139.252.24,available,eu-west-1
280,280,237.40.199.204,available,us-east-1
281,281,111.47.19.143,available,us-east-1
282,282,167.190.31.73,available,us-west-1
283,283,240.38.250.255,available,us-east-1
284,284,236.236.34.94,available,us-west-1
285,285,123.141.86.73,available,eu-west-1
286,286,229.30.23.236,available,eu-west-1
287,287,149.172.22.250,available,eu-west-1
288,288,43.37.140.35,available,eu-west-1
289,289,17.130.122.231,available,us-east-1
290,290,90.7.12.250,available,eu-east-1
291,291,46.53.21.193,available,eu-west-1
292,292,88.78.187.22,available,eu-east-1
293,293,74.37.241.144,available,eu-east-1
294,294,120.18.230.74,available,us-east-1
295,295,38.194.117.208,available,eu-east-1
296,296,147.55.139.151,available,us-east-1
297,297,84.186.210.5,available,us-west-1
298,298,182.3.83.87,available,us-east-1
299,299,96.116.65.253,available,eu-east-1
300,300,123.255.255.70,available,us-west-1
301,301,73.36.65.46,available,us-east-1
302,302,76.172.41.217,available,us-east-1
303,303,217.222.6.200,available,eu-west-1
304,304,174.4.49.207,available,eu-west-1
305,305,91.208.110.48,available,eu-west-1
306,306,3.211.138.211,available,us-east-1
307,307,228.54.195.233,available,eu-west-1
308,308,237.53.250.138,available,us-east-1
309,309,238.91.22.15,available,us-east-1
310,310,53.128.29.98,available,us-east-1
311,311,180.74.23.190,available,eu-east-1
312,312,55.92.26.32,available,us-west-1
313,313,33.80.34.103,available,eu-west-1
314,314,32.3.149.197,available,us-west-1
315,315,85.45.149.158,available,eu-west-1
316,316,144.197.164.165,available,eu-east-1
317,317,147.183.77.54,available,us-east-1
318,318,209.141.227.179,available,us-west-1
319,319,41.213.229.87,available,eu-east-1
320,320,40.57.73.33,available,us-west-1
321,321,250.1.124.192,available,eu-east-1
322,322,64.40.109.177,available,us-east-1
323,323,93.31.71.151,available,eu-east-1
324,324,131.140.156.142,available,eu-east-1
325,325,125.27.235.64,available,us-east-1
326,326,231.36.108.107,available,us-east-1
327,327,155.158.171.35,available,eu-east-1
328,328,113.35.215.20,available,us-east-1
329,329,202.41.6.230,available,eu-west-1
330,330,219.51.206.202,available,eu-east-1
331,331,102.147.9.67,available,us-west-1
332,332,115.165.116.157,available,eu-east-1
333,333,225.146.121.123,available,us-west-1
334,334,24.71.214.185,available,eu-east-1
335,335,3.46.110.228,available,eu-west-1
336,336,134.162.47.104,available,eu-west-1
337,337,14.76.142.16,available,us-west-1
338,338,64.185.69.186,available,us-west-1
339,339,40.211.152.141,available,eu-west-1
340,340,205.38.55.240,available,us-west-1
341,341,194.71.2.120,available,eu-east-1
342,342,234.175.164.228,available,us-east-1
343,343,146.89.99.203,available,eu-west-1
344,344,254.20.49.81,available,us-east-1
345,345,87.221.199.238,available,us-west-1
346,346,178.133.27.238,available,us-east-1
347,347,216.244.174.206,available,us-west-1
348,348,126.216.62.165,available,eu-west-1
349,349,63.95.53.151,available,us-west-1
350,350,229.134.60.65,available,us-west-1
351,351,48.39.142.78,available,eu-west-1
352,352,44.16.133.237,available,us-west-1
353,353,209.220.88.83,available,eu-east-1
354,354,200.63.95.220,available,us-east-1
355,355,161.89.90.29,available,us-west-1
356,356,148.28.98.109,available,eu-east-1
357,357,13.177.182.196,available,us-west-1
358,358,190.159.153.120,available,eu-east-1
359,359,192.153.118.86,available,eu-west-1
360,360,106.241.226.139,available,eu-west-1
361,361,165.105.186.202,available,eu-west-1
362,362,128.208.2.120,available,us-east-1
363,363,229.172.112.43,available,us-west-1
364,364,38.91.117.167,available,eu-west-1
365,365,52.159.41.1,available,eu-east-1
366,366,50.87.206.117,available,us-east-1
367,367,88.87.124.84,available,us-east-1
368,368,240.175.107.186,available,eu-east-1
369,369,72.90.192.75,available,eu-west-1
370,370,178.186.104.244,available,eu-east-1
371,371,75.203.7.96,available,eu-west-1
372,372,14.238.18.229,available,eu-east-1
373,373,243.52.224.39,available,us-east-1
374,374,10.84.231.44,available,eu-west-1
375,375,4.178.152.184,available,eu-east-1
376,376,129.205.60.140,available,us-west-1
377,377,217.109.18.78,available,us-west-1
378,378,119.188.184.203,available,eu-east-1
379,379,97.205.53.45,available,eu-east-1
380,380,101.199.41.77,available,eu-east-1
381,381,56.14.38.127,available,us-west-1
382,382,39.253.63.241,available,us-east-1
383,383,174.141.221.57,available,eu-east-1
384,384,161.99.201.0,available,us-west-1
385,385,74.18.240.3,available,us-east-1
386,386,40.108.242.32,available,eu-east-1
387,387,116.49.60.137,available,eu-east-1
388,388,123.133.176.27,available,eu-west-1
389,389,18.236.216.95,available,eu-west-1
390,390,137.227.217.98,available,us-west-1
391,391,169.13.132.145,available,us-east-1
392,392,176.160.72.119,available,us-east-1
393,393,174.252.219.37,available,eu-east-1
394,394,68.180.197.171,available,us-west-1
395,395,88.12.241.63,available,us-east-1
396,396,142.166.215.31,available,us-east-1
397,397,96.196.50.82,available,us-east-1
398,398,97.126.191.33,available,eu-west-1
399,399,16.154.254.106,available,eu-west-1
400,400,38.180.54.100,available,us-west-1
401,401,74.14.54.45,available,us-east-1
402,402,92.135.18.184,available,us-east-1
403,403,29.103.149.135,available,eu-west-1
404,404,93.230.54.13,available,eu-west-1
405,405,131.125.231.11,available,us-west-1
406,406,42.174.233.110,available,us-east-1
407,407,251.150.182.88,available,eu-east-1
408,408,150.152.184.24,available,eu-west-1
409,409,111.12.40.251,available,eu-east-1
410,410,204.154.125.203,available,eu-west-1
411,411,37.239.117.176,available,eu-east-1
412,412,250.41.252.170,available,eu-west-1
413,413,6.80.128.148,available,eu-east-1
414,414,162.138.95.92,available,eu-west-1
415,415,226.39.69.130,available,eu-west-1
416,416,112.185.158.176,available,us-west-1
417,417,78.92.34.2,available,us-east-1
418,418,126.177.67.181,available,eu-east-1
419,419,59.63.3.48,available,us-west-1
420,420,110.108.253.131,available,us-east-1
421,421,65.228.81.237,available,eu-west-1
422,422,156.32.175.123,available,eu-west-1
423,423,36.136.17.31,available,eu-west-1
424,424,68.4.76.224,available,eu-west-1
425,425,169.237.36.50,available,eu-east-1
426,426,187.133.138.102,available,eu-east-1
427,427,193.157.209.143,available,eu-west-1
428,428,210.36.241.239,available,us-east-1
429,429,190.70.177.23,available,eu-west-1
430,430,228.119.153.142,available,us-west-1
431,431,154.62.207.1,available,eu-east-1
432,432,127.85.42.243,available,eu-east-1
433,433,183.12.218.110,available,eu-east-1
434,434,172.179.159.76,available,eu-west-1
435,435,196.161.161.12,available,eu-west-1
436,436,232.217.250.3,available,us-west-1
437,437,197.166.171.66,available,us-east-1
438,438,215.2.122.189,available,us-west-1
439,439,240.221.54.202,available,eu-east-1
440,440,241.238.237.61,available,eu-east-1
441,441,163.231.142.166,available,eu-west-1
442,442,63.87.15.233,available,eu-east-1
443,443,71.149.9.210,available,us-east-1
444,444,238.58.86.49,available,us-west-1
445,445,75.239.31.247,available,us-east-1
446,446,181.160.52.157,available,eu-east-1
447,447,88.136.6.3,available,eu-west-1
448,448,176.166.205.149,available,eu-east-1
449,449,85.135.43.187,available,eu-west-1
450,450,111.253.121.222,available,eu-west-1
451,451,124.75.9.99,available,us-west-1
452,452,41.134.132.183,available,eu-west-1
453,453,252.117.234.65,available,eu-east-1
454,454,213.50.55.173,available,eu-west-1
455,455,6.80.145.5,available,us-east-1
456,456,65.236.184.5,available,eu-west-1
457,457,120.181.6.55,available,eu-east-1
458,458,56.215.59.170,available,eu-east-1
459,459,25.92.8.200,available,us-west-1
460,460,54.148.37.123,available,us-east-1
461,461,118.157.153.72,available,eu-east-1
462,462,140.126.195.109,available,us-east-1
463,463,109.252.241.32,available,eu-west-1
464,464,134.88.122.169,available,us-west-1
465,465,165.0.236.41,available,eu-east-1
466,466,146.147.176.251,available,eu-west-1
467,467,103.81.54.199,available,eu-west-1
468,468,97.48.13.14,available,us-east-1
469,469,28.39.115.4,available,us-east-1
470,470,230.97.73.25,available,eu-west-1
471,471,88.191.190.27,available,eu-west-1
472,472,60.200.255.237,available,eu-west-1
473,473,168.14.150.145,available,us-west-1
474,474,79.218.74.3,available,eu-west-1
475,475,88.188.254.39,available,eu-west-1
476,476,8.252.225.129,available,eu-east-1
477,477,129.30.71.188,available,eu-east-1
478,478,183.143.38.9,available,us-east-1
479,479,214.209.158.84,available,eu-west-1
480,480,42.227.99.57,available,us-west-1
481,481,220.189.211.250,available,eu-west-1
482,482,207.132.165.231,available,us-west-1
483,483,46.50.117.189,available,eu-east-1
484,484,206.100.244.211,available,eu-west-1
485,485,227.133.163.29,available,us-west-1
486,486,125.250.146.94,available,eu-west-1
487,487,9.87.74.191,available,eu-east-1
488,488,91.159.35.196,available,eu-east-1
489,489,114.46.85.222,available,us-east-1
490,490,22.28.130.69,available,us-west-1
491,491,212.85.39.205,available,eu-east-1
492,492,155.56.84.83,available,us-west-1
493,493,101.41.224.149,available,eu-west-1
494,494,144.159.99.219,available,eu-west-1
495,495,167.110.225.238,available,us-east-1
496,496,190.184.102.200,available,eu-west-1
497,497,120.222.69.207,available,us-east-1
498,498,21.136.125.158,available,us-west-1
499,499,51.86.127.216,available,us-east-1
500,500,78.31.219.254,available,eu-west-1
501,501,62.231.96.120,available,eu-west-1
502,502,133.254.235.87,available,eu-east-1
503,503,5.102.195.84,available,us-west-1
504,504,170.121.184.42,available,eu-west-1
505,505,83.103.254.30,available,eu-west-1
506,506,163.11.172.167,available,us-east-1
507,507,160.219.2.24,available,us-west-1
508,508,47.248.162.11,available,eu-west-1
509,509,250.112.228.212,available,eu-east-1
510,510,188.69.209.240,available,us-west-1
511,511,244.84.252.168,available,eu-west-1
512,512,80.91.159.220,available,us-west-1
513,513,159.195.138.69,available,us-east-1
514,514,199.65.131.117,available,eu-east-1
515,515,66.16.219.35,available,us-east-1
516,516,182.155.61.178,available,us-east-1
517,517,167.43.171.5,available,us-east-1
518,518,34.204.158.131,available,eu-east-1
519,519,26.1.47.24,available,eu-east-1
520,520,87.220.86.78,available,eu-west-1
521,521,210.22.113.146,available,eu-east-1
522,522,82.205.98.91,available,us-east-1
523,523,81.32.232.190,available,eu-west-1
524,524,171.218.19.52,available,eu-east-1
525,525,127.214.158.77,available,eu-west-1
526,526,108.212.221.60,available,eu-east-1
527,527,253.30.72.226,available,eu-east-1
528,528,247.72.252.18,available,us-east-1
529,529,159.178.194.167,available,us-east-1
530,530,160.107.101.202,available,eu-east-1
531,531,221.228.149.21,available,eu-east-1
532,532,201.75.172.128,available,eu-east-1
533,533,100.162.115.241,available,eu-east-1
534,534,218.170.207.202,available,eu-east-1
535,535,97.117.100.125,available,us-west-1
536,536,77.158.158.178,available,us-east-1
537,537,26.58.62.45,available,eu-west-1
538,538,74.140.155.179,available,eu-east-1
539,539,235.183.55.19,available,eu-west-1
540,540,33.17.192.190,available,eu-east-1
541,541,172.42.171.158,available,us-east-1
542,542,191.3.111.168,available,us-west-1
543,543,64.80.80.208,available,us-west-1
544,544,60.106.188.78,available,eu-west-1
545,545,24.60.195.253,available,eu-west-1
546,546,125.97.71.8,available,us-east-1
547,547,241.175.2.192,available,us-east-1
548,548,162.75.47.117,available,us-west-1
549,549,106.6.224.249,available,eu-west-1
550,550,23.223.217.214,available,us-west-1
551,551,57.198.13.184,available,eu-west-1
552,552,100.236.156.61,available,us-west-1
553,553,8.9.91.26,available,eu-west-1
554,554,32.23.129.136,available,eu-west-1
555,555,165.169.12.26,available,us-east-1
556,556,235.143.35.91,available,us-east-1
557,557,215.165.36.105,available,eu-east-1
558,558,71.194.21.43,available,eu-east-1
559,559,69.19.154.164,available,us-east-1
560,560,117.156.238.153,available,us-east-1
561,561,125.241.47.19,available,us-west-1
562,562,62.132.148.105,available,eu-east-1
563,563,57.0.118.132,available,eu-west-1
564,564,200.151.45.110,available,eu-west-1
565,565,188.139.13.139,available,us-west-1
566,566,28.134.144.178,available,eu-east-1
567,567,21.229.200.200,available,eu-east-1
568,568,72.34.92.172,available,us-west-1
569,569,22.9.69.27,available,us-west-1
570,570,198.195.249.155,available,eu-west-1
571,571,46.100.248.149,available,us-west-1
572,572,53.152.166.14,available,eu-east-1
573,573,68.10.187.234,available,eu-east-1
574,574,6.47.124.150,available,us-east-1
575,575,192.203.62.45,available,us-east-1
576,576,241.35.172.213,available,eu-east-1
577,577,61.140.201.204,available,eu-west-1
578,578,234.190.252.156,available,eu-east-1
579,579,106.24.239.64,available,eu-west-1
580,580,163.148.142.91,available,eu-west-1
581,581,218.7.97.197,available,eu-west-1
582,582,223.143.117.198,available,eu-east-1
583,583,51.96.149.249,available,us-west-1
584,584,104.48.167.164,available,us-east-1
585,585,139.115.90.91,available,us-west-1
586,586,148.202.184.162,available,us-west-1
587,587,29.171.163.241,available,eu-west-1
588,588,24.50.207.44,available,us-east-1
589,589,3.60.154.14,available,us-east-1
590,590,183.147.93.157,available,us-east-1
591,591,188.0.207.104,available,us-west-1
592,592,142.225.238.239,available,us-west-1
593,593,53.122.183.171,available,eu-east-1
594,594,128.65.105.5,available,eu-west-1
595,595,32.124.72.57,available,us-west-1
596,596,176.89.20.14,available,eu-east-1
597,597,235.229.239.24,available,us-west-1
598,598,12.0.95.139,available,eu-east-1
599,599,42.145.253.159,available,us-east-1
600,600,170.231.42.87,available,us-east-1
601,601,33.51.237.255,available,eu-east-1
602,602,0.244.85.166,available,eu-west-1
603,603,224.95.159.50,available,eu-west-1
604,604,74.249.37.4,available,us-east-1
605,605,169.200.185.13,available,us-west-1
606,606,230.32.182.149,available,eu-east-1
607,607,198.124.116.222,available,eu-east-1
608,608,248.51.70.10,available,us-west-1
609,609,126.215.96.239,available,eu-west-1
610,610,138.244.81.175,available,us-west-1
611,611,118.126.30.66,available,eu-east-1
612,612,180.48.2.125,available,us-east-1
613,613,157.96.103.92,available,us-west-1
614,614,190.71.52.56,available,eu-west-1
615,615,197.168.180.73,available,us-west-1
616,616,15.213.1.63,available,eu-west-1
617,617,113.205.26.208,available,us-east-1
618,618,67.187.5.208,available,eu-west-1
619,619,22.99.102.4,available,eu-west-1
620,620,17.4.75.103,available,eu-west-1
621,621,0.171.180.190,available,eu-east-1
622,622,163.167.123.29,available,us-east-1
623,623,73.145.58.49,available,eu-west-1
624,624,53.50.100.237,available,eu-east-1
625,625,160.36.184.174,available,eu-east-1
626,626,250.38.12.123,available,eu-west-1
627,627,37.43.225.109,available,us-east-1
628,628,240.128.155.134,available,us-west-1
629,629,138.218.220.69,available,us-west-1
630,630,143.172.174.159,available,eu-west-1
631,631,38.14.165.46,available,us-east-1
632,632,101.144.235.232,available,us-east-1
633,633,167.50.136.105,available,eu-west-1
634,634,210.154.223.118,available,eu-west-1
635,635,239.188.227.142,available,us-east-1
636,636,242.9.216.205,available,us-west-1
637,637,215.140.123.37,available,us-east-1
638,638,192.28.66.94,available,us-east-1
639,639,86.112.153.90,available,eu-east-1
640,640,171.74.16.68,available,us-west-1
641,641,203.191.158.57,available,us-east-1
642,642,16.139.136.246,available,eu-east-1
643,643,45.215.133.228,available,us-west-1
644,644,148.53.153.187,available,eu-west-1
645,645,87.168.148.2,available,us-east-1
646,646,224.171.224.144,available,us-west-1
647,647,134.87.124.61,available,us-east-1
648,648,223.80.161.219,available,eu-west-1
649,649,183.61.171.155,available,us-east-1
650,650,130.195.147.19,available,us-west-1
651,651,253.153.21.212,available,us-west-1
652,652,58.123.9.14,available,us-west-1
653,653,89.248.147.30,available,eu-west-1
654,654,86.167.217.22,available,eu-east-1
655,655,45.52.145.69,available,eu-west-1
656,656,97.218.9.46,available,us-west-1
657,657,9.19.5.49,available,us-west-1
658,658,255.4.183.19,available,eu-east-1
659,659,39.116.90.226,available,us-east-1
660,660,232.224.239.106,available,eu-west-1
661,661,214.174.22.19,available,eu-east-1
662,662,3.83.132.182,available,us-east-1
663,663,111.77.205.181,available,us-east-1
664,664,117.112.178.149,available,us-west-1
665,665,223.138.255.66,available,eu-east-1
666,666,113.152.132.99,available,eu-east-1
667,667,98.101.3.64,available,us-west-1
668,668,2.231.111.163,available,eu-west-1
669,669,210.162.88.69,available,eu-east-1
670,670,254.115.149.114,available,eu-east-1
671,671,79.193.234.150,available,us-west-1
672,672,139.1.137.239,available,us-east-1
673,673,241.167.156.241,available,eu-east-1
674,674,196.144.238.219,available,us-east-1
675,675,91.144.196.199,available,us-east-1
676,676,110.40.66.50,available,eu-west-1
677,677,245.11.161.158,available,eu-west-1
678,678,95.207.183.81,available,eu-east-1
679,679,183.38.170.163,available,eu-west-1
680,680,14.224.224.78,available,us-west-1
681,681,71.254.91.13,available,us-east-1
682,682,31.50.187.31,available,eu-east-1
683,683,79.83.220.79,available,eu-west-1
684,684,64.98.146.62,available,eu-east-1
685,685,234.21.171.230,available,us-west-1
686,686,186.245.2.49,available,us-east-1
687,687,189.191.18.32,available,eu-east-1
688,688,20.104.186.196,available,us-east-1
689,689,137.255.79.231,available,us-west-1
690,690,87.200.123.95,available,eu-east-1
691,691,212.30.46.54,available,us-west-1
692,692,12.77.40.47,available,us-west-1
693,693,91.81.157.44,available,us-west-1
694,694,56.211.253.237,available,eu-east-1
695,695,67.244.191.179,available,us-east-1
696,696,28.162.87.27,available,eu-east-1
697,697,195.203.60.159,available,eu-west-1
698,698,174.113.104.252,available,us-east-1
699,699,125.30.207.149,available,us-west-1
700,700,134.196.195.236,available,us-east-1
701,701,244.119.255.106,available,us-west-1
702,702,116.99.93.168,available,us-west-1
703,703,74.214.152.165,available,us-west-1
704,704,161.87.104.147,available,eu-west-1
705,705,193.115.129.97,available,eu-east-1
706,706,89.130.64.191,available,us-west-1
707,707,231.100.137.150,available,eu-east-1
708,708,19.222.92.31,available,us-east-1
709,709,38.203.150.136,available,eu-west-1
710,710,3.255.235.148,available,us-west-1
711,711,25.126.116.205,available,eu-east-1
712,712,182.99.112.65,available,us-east-1
713,713,152.167.248.201,available,eu-west-1
714,714,194.132.236.96,available,us-east-1
715,715,15.92.10.33,available,us-east-1
716,716,18.240.242.58,available,eu-east-1
717,717,22.220.153.219,available,us-east-1
718,718,149.44.80.133,available,us-east-1
719,719,30.115.217.5,available,us-west-1
720,720,189.45.171.164,available,us-east-1
721,721,30.19.21.236,available,us-east-1
722,722,92.153.186.89,available,us-west-1
723,723,30.174.96.4,available,us-west-1
724,724,247.60.12.120,available,eu-west-1
725,725,23.175.185.254,available,eu-west-1
726,726,171.106.108.227,available,eu-east-1
727,727,177.159.132.146,available,eu-east-1
728,728,111.67.54.134,available,eu-west-1
729,729,76.196.57.175,available,us-west-1
730,730,56.118.235.60,available,eu-east-1
731,731,149.148.23.180,available,eu-west-1
732,732,192.34.42.232,available,eu-east-1
733,733,4.205.123.180,available,eu-west-1
734,734,106.217.15.41,available,us-west-1
735,735,192.170.108.0,available,us-east-1
736,736,191.127.70.118,available,us-west-1
737,737,254.29.139.156,available,us-west-1
738,738,5.122.157.255,available,eu-west-1
739,739,84.123.124.221,available,eu-east-1
740,740,78.205.182.247,available,eu-west-1
741,741,144.187.152.209,available,us-west-1
742,742,229.66.9.65,available,us-west-1
743,743,191.106.129.239,available,eu-east-1
744,744,99.31.71.160,available,eu-west-1
745,745,155.53.105.131,available,eu-east-1
746,746,65.90.208.103,available,eu-west-1
747,747,104.161.190.119,available,us-west-1
748,748,60.109.173.144,available,eu-east-1
749,749,81.204.251.14,available,eu-west-1
750,750,39.106.135.225,available,us-east-1
751,751,230.75.215.166,available,us-west-1
752,752,241.196.109.192,available,us-west-1
753,753,34.166.182.111,available,us-east-1
754,754,207.248.120.119,available,us-east-1
755,755,101.41.234.93,available,eu-east-1
756,756,200.224.63.101,available,us-west-1
757,757,181.64.40.219,available,eu-east-1
758,758,205.48.218.252,available,us-east-1
759,759,43.233.10.158,available,us-east-1
760,760,194.167.155.182,available,eu-west-1
761,761,228.235.60.131,available,us-west-1
762,762,246.2.132.108,available,eu-east-1
763,763,49.237.146.79,available,eu-west-1
764,764,101.95.218.139,available,us-west-1
765,765,94.167.246.76,available,eu-east-1
766,766,35.220.111.205,available,eu-west-1
767,767,28.84.101.14,available,us-east-1
768,768,30.125.143.187,available,us-east-1
769,769,108.255.9.25,available,us-east-1
770,770,205.204.226.46,available,us-east-1
771,771,206.46.167.139,available,eu-west-1
772,772,8.107.65.218,available,eu-west-1
773,773,169.168.163.106,available,us-west-1
774,774,118.102.10.188,available,us-west-1
775,775,9.154.23.95,available,us-east-1
776,776,240.31.26.45,available,eu-west-1
777,777,127.169.40.44,available,eu-west-1
778,778,195.90.87.165,available,us-west-1
779,779,46.130.55.140,available,eu-east-1
780,780,95.136.171.232,available,eu-east-1
781,781,134.46.143.75,available,eu-west-1
782,782,33.78.215.238,available,eu-east-1
783,783,174.209.233.87,available,eu-east-1
784,784,49.81.47.83,available,eu-east-1
785,785,211.163.104.110,available,eu-west-1
786,786,245.91.167.67,available,us-east-1
787,787,1.232.199.234,available,us-east-1
788,788,109.213.153.55,available,eu-east-1
789,789,161.15.232.146,available,eu-west-1
790,790,150.181.187.246,available,eu-east-1
791,791,4.252.22.99,available,eu-east-1
792,792,207.104.33.239,available,us-east-1
793,793,247.78.204.139,available,eu-east-1
794,794,31.79.29.110,available,eu-west-1
795,795,67.249.74.38,available,us-east-1
796,796,117.85.168.148,available,us-west-1
797,797,29.194.144.49,available,eu-east-1
798,798,89.82.250.109,available,eu-west-1
799,799,93.149.131.99,available,eu-east-1
800,800,246.198.253.217,available,eu-east-1
801,801,73.245.121.19,available,us-east-1
802,802,16.38.68.77,available,eu-west-1
803,803,91.68.153.162,available,us-east-1
804,804,173.199.16.13,available,eu-west-1
805,805,162.92.163.242,available,eu-west-1
806,806,249.86.67.208,available,us-east-1
807,807,96.90.108.228,available,eu-west-1
808,808,112.164.3.151,available,eu-west-1
809,809,33.96.222.131,available,us-east-1
810,810,5.222.170.38,available,us-west-1
811,811,34.94.43.179,available,eu-west-1
812,812,226.48.216.104,available,eu-east-1
813,813,79.150.52.197,available,us-east-1
814,814,129.133.134.87,available,us-west-1
815,815,150.251.189.23,available,us-west-1
816,816,89.149.13.156,available,us-west-1
817,817,197.6.168.61,available,us-west-1
818,818,126.208.147.188,available,us-east-1
819,819,152.39.225.76,available,us-west-1
820,820,222.69.17.157,available,us-east-1
821,821,175.221.201.34,available,us-west-1
822,822,127.115.61.30,available,eu-east-1
823,823,34.125.14.163,available,us-east-1
824,824,145.118.62.230,available,eu-east-1
825,825,127.23.113.77,available,us-east-1
826,826,62.115.127.119,available,us-east-1
827,827,163.226.242.112,available,eu-east-1
828,828,177.123.113.132,available,eu-west-1
829,829,36.136.146.220,available,us-west-1
830,830,60.24.61.139,available,eu-east-1
831,831,6.213.45.17,available,eu-west-1
832,832,132.129.135.26,available,us-west-1
833,833,47.86.43.4,available,us-east-1
834,834,31.155.161.64,available,eu-west-1
835,835,152.122.163.38,available,eu-west-1
836,836,216.182.80.244,available,eu-east-1
837,837,132.206.247.112,available,eu-east-1
838,838,46.150.177.165,available,eu-west-1
839,839,247.184.212.29,available,eu-east-1
840,840,215.97.122.226,available,eu-west-1
841,841,167.248.233.236,available,eu-east-1
842,842,66.134.8.79,available,us-west-1
843,843,139.105.183.0,available,us-west-1
844,844,168.76.246.43,available,us-east-1
845,845,233.255.118.10,available,eu-east-1
846,846,182.16.119.16,available,eu-west-1
847,847,215.4.48.124,available,eu-east-1
848,848,118.6.102.127,available,us-east-1
849,849,226.92.33.107,available,us-east-1
850,850,44.71.218.214,available,us-east-1
851,851,40.206.180.140,available,us-west-1
852,852,150.161.121.25,available,us-east-1
853,853,165.177.229.97,available,eu-east-1
854,854,112.173.33.216,available,us-east-1
855,855,198.37.163.202,available,us-west-1
856,856,138.47.216.153,available,us-west-1
857,857,130.47.219.121,available,us-west-1
858,858,77.52.223.204,available,eu-west-1
859,859,242.123.51.30,available,eu-east-1
860,860,68.237.11.247,available,us-west-1
861,861,162.229.17.219,available,eu-west-1
862,862,97.190.250.68,available,us-east-1
863,863,143.49.194.148,available,eu-west-1
864,864,169.112.27.226,available,eu-west-1
865,865,130.164.213.76,available,us-east-1
866,866,196.90.222.114,available,eu-east-1
867,867,240.64.111.147,available,us-west-1
868,868,19.179.141.205,available,us-west-1
869,869,51.62.243.102,available,us-east-1
870,870,246.92.155.26,available,us-west-1
871,871,65.183.22.247,available,us-east-1
872,872,185.155.233.211,available,eu-west-1
873,873,242.217.67.142,available,eu-east-1
874,874,30.42.122.72,available,eu-east-1
875,875,194.210.235.88,available,eu-west-1
876,876,200.180.8.45,available,eu-west-1
877,877,89.16.207.157,available,eu-west-1
878,878,76.190.84.135,available,eu-west-1
879,879,128.224.29.49,available,us-west-1
880,880,46.166.245.62,available,us-east-1
881,881,8.97.142.87,available,us-west-1
882,882,59.161.115.205,available,eu-east-1
883,883,21.180.13.95,available,us-east-1
884,884,181.65.21.167,available,us-east-1
885,885,110.157.239.106,available,eu-east-1
886,886,116.83.47.154,available,us-east-1
887,887,59.220.210.173,available,us-west-1
888,888,115.70.186.0,available,us-west-1
889,889,92.199.182.173,available,eu-west-1
890,890,231.223.27.27,available,eu-west-1
891,891,50.240.161.127,available,eu-east-1
892,892,54.232.189.161,available,us-east-1
893,893,56.118.77.225,available,us-east-1
894,894,49.225.255.140,available,us-east-1
895,895,9.44.124.41,available,us-west-1
896,896,204.87.255.209,available,us-west-1
897,897,21.81.230.111,available,us-east-1
898,898,113.108.80.216,available,us-west-1
899,899,138.152.28.75,available,us-west-1
900,900,164.112.31.42,available,us-east-1
901,901,247.36.170.81,available,us-east-1
902,902,51.24.127.148,available,us-east-1
903,903,197.127.249.92,available,eu-west-1
904,904,207.250.81.203,available,eu-east-1
905,905,214.20.212.250,available,eu-west-1
906,906,188.81.72.83,available,eu-east-1
907,907,209.206.18.150,available,eu-east-1
908,908,124.168.9.144,available,us-west-1
909,909,49.111.117.185,available,eu-east-1
910,910,236.228.29.168,available,eu-east-1
911,911,152.153.60.230,available,us-west-1
912,912,87.166.232.224,available,us-west-1
913,913,121.73.173.156,available,eu-west-1
914,914,145.177.100.167,available,eu-east-1
915,915,202.236.19.75,available,eu-west-1
916,916,211.20.137.45,available,us-east-1
917,917,166.145.48.42,available,us-east-1
918,918,218.102.233.27,available,us-east-1
919,919,176.191.244.173,available,eu-west-1
920,920,105.13.161.146,available,us-east-1
921,921,140.210.251.152,available,us-west-1
922,922,126.209.4.217,available,us-east-1
923,923,37.247.125.157,available,us-west-1
924,924,108.187.237.12,available,eu-east-1
925,925,32.8.42.16,available,eu-east-1
926,926,44.177.12.242,available,us-west-1
927,927,20.13.115.42,available,eu-east-1
928,928,104.51.95.169,available,us-west-1
929,929,248.67.101.134,available,eu-east-1
930,930,234.91.83.140,available,eu-east-1
931,931,46.135.128.79,available,us-west-1
932,932,156.196.113.55,available,eu-west-1
933,933,87.51.167.143,available,eu-east-1
934,934,22.133.104.238,available,eu-east-1
935,935,247.10.109.239,available,eu-east-1
936,936,106.49.23.169,available,us-east-1
937,937,124.97.132.244,available,eu-east-1
938,938,69.255.70.37,available,eu-east-1
939,939,196.247.90.224,available,us-east-1
940,940,155.156.48.196,available,eu-west-1
941,941,39.12.34.17,available,us-east-1
942,942,232.95.115.209,available,eu-east-1
943,943,243.44.70.19,available,eu-west-1
944,944,120.161.13.35,available,eu-east-1
945,945,140.129.23.50,available,us-east-1
946,946,176.151.239.192,available,eu-east-1
947,947,78.242.49.101,available,eu-east-1
948,948,253.158.245.202,available,us-east-1
949,949,250.224.146.182,available,us-east-1
950,950,103.141.18.204,available,us-west-1
951,951,107.165.2.119,available,eu-west-1
952,952,236.38.152.98,available,us-west-1
953,953,178.205.202.192,available,us-east-1
954,954,113.69.37.138,available,us-west-1
955,955,163.147.223.239,available,us-west-1
956,956,245.176.241.195,available,us-east-1
957,957,27.88.32.172,available,eu-west-1
958,958,9.16.47.160,available,us-east-1
959,959,180.100.165.81,available,eu-west-1
960,960,205.69.71.57,available,eu-east-1
961,961,161.69.124.234,available,eu-east-1
962,962,48.45.13.48,available,us-east-1
963,963,35.174.200.32,available,eu-west-1
964,964,120.228.94.141,available,eu-east-1
965,965,87.59.82.225,available,eu-east-1
966,966,29.241.223.163,available,us-west-1
967,967,85.193.36.64,available,us-east-1
968,968,186.135.208.45,available,us-west-1
969,969,15.11.186.11,available,eu-west-1
970,970,91.144.164.233,available,us-west-1
971,971,79.223.50.101,available,eu-east-1
972,972,18.129.96.137,available,eu-east-1
973,973,161.131.134.111,available,eu-west-1
974,974,189.165.222.90,available,eu-west-1
975,975,211.56.226.114,available,eu-west-1
976,976,162.185.12.228,available,eu-west-1
977,977,144.123.13.55,available,eu-east-1
978,978,139.209.76.112,available,eu-west-1
979,979,157.187.79.86,available,eu-west-1
980,980,98.207.16.24,available,us-west-1
981,981,35.214.202.94,available,us-west-1
982,982,252.163.241.53,available,eu-east-1
983,983,50.67.185.32,available,eu-west-1
984,984,13.44.141.112,available,eu-east-1
985,985,5.198.127.135,available,eu-west-1
986,986,160.239.117.15,available,eu-west-1
987,987,221.135.51.136,available,eu-west-1
988,988,79.120.252.32,available,eu-west-1
989,989,176.152.133.242,available,us-west-1
990,990,165.87.79.87,available,us-west-1
991,991,218.197.32.238,available,us-west-1
992,992,167.187.216.128,available,eu-east-1
993,993,139.62.22.38,available,us-west-1
994,994,162.46.72.188,available,us-east-1
995,995,236.2.241.92,available,us-west-1
996,996,107.184.149.34,available,us-east-1
997,997,77.40.83.114,available,us-west-1
998,998,80.118.153.112,available,eu-west-1
999,999,203.11.10.112,available,us-east-1
